publication_id,tool,quote,best_match_source,best_match,similarity
1528,PRECIS-2,Participants were recruited for a randomized trial of adjustment groups for people with multiple sclerosis and low mood between June 2008 and September 2009.,fulltext,Participants were recruited for a randomized trial of adjustment groups for people with multiple sclerosis and low mood between June 2008 and September 2009.,100.0
1528,PRECIS-2,"The primary analysis was the cost effectiveness of an adjustment group, as compared with a usual care control group for people with multiple sclerosis who had low mood.",fulltext,"The primary analysis was the cost effectiveness of an adjustment group, as compared with a usual care control group for people with multiple sclerosis who had low mood.",100.0
1528,PRECIS-2,The groups involved teaching people to recognise symptoms of distress and introduced them to strategies to improve their mood.,fulltext,The groups involved teaching people to recognise symptoms of distress and introduced them to strategies to improve their mood.,100.0
1528,PRECIS-2,"The groups were delivered by two Band 5 assistant psychologists, who were supervised by a Band 8a clinical psychologist, experienced in working with people with multiple sclerosis.",fulltext,"The groups were delivered by two Band 5 assistant psychologists, who were supervised by a Band 8a clinical psychologist, experienced in working with people with multiple sclerosis.",100.0
1528,PRECIS-2,Participants allocated to intervention were invited to attend a psychological adjustment group for six sessions over 12 weeks.,fulltext,se allocated to intervention were invited to attend a psychological adjustment group for six sessions over 12 weeks.,91.26984126984127
1528,PRECIS-2,"Over eight months follow-up there was a decrease in the combined average costs of £378 per intervention respondent and an increase in the amount of combined resource and medication costs of £297 per patient in the control group, which was a significant difference (p=0.03).",fulltext,"Over eight months follow-up there was a decrease in the combined average costs of £378 per intervention respondent and an increase in the costs of £297 per patient in the control group, which was a significant difference (p=0.03).",84.24908424908425
1528,PRECIS-2,"Four and eight months after random allocation, participants were sent a booklet of outcome questionnaires to complete and return by post.",fulltext,"Four and eight months after random allocation, participants were sent a booklet of outcome questionnaires to complete and return by post.",100.0
1528,PRECIS-2,"Participants were included who scored >2 on the General Health Questionnaire 12, a measure of psychological distress, or >7 on the anxiety and depression subscales of the Hospital Anxiety and Depression Scale, thus confirming they had low mood.",fulltext,"participants were included who scored >2 on the General Health Questionnaire 12, 7 a measure of psychological distress, or >7 on the anxiety and depression subscales of the Hospital Anxiety and Depression Scale, 8 thus confirming they had low mood.",100.0
1528,PRECIS-2,Those allocated to intervention were invited to attend a psychological adjustment group for six sessions over 12 weeks.,fulltext,Those allocated to intervention were invited to attend a psychological adjustment group for six sessions over 12 weeks.,100.0
1569,PRECIS-2,"The blind evaluator, who did not supervise the training program, performed functional tests, questionnaires and instrumental measurements the week before treatment, the week after the end of the supervised-TOCT, after the 12-weeks home-based TOCT program.",fulltext," The blind evaluator, who did not supervise the training program, performed functional tests, questionnaires and instrumental measurements the week before treatment, the week after the end of the supervised-TOCT, after the 12-weeks home-based TOCT program",99.6078431372549
1569,PRECIS-2,Eligible patients have been randomized to 10 supervised TOCT sessions over two weeks (Phase 1) followed by a 12-weeks home-based task-oriented program (Phase 2) or a delayed-treatment group.,fulltext, have been randomly assigned to 10 supervised TOCT sessions over two weeks (Phase 1) followed by a 12-weeks home-based task-oriented program (Phase 2) or a delayed-treatment group.,90.52631578947368
1569,PRECIS-2,"At home, we recommended 60-minute sessions three times/week. The home-based program includes overground walking practice and exercises with similar modalities and difficulty as learnt during Phase 1.",fulltext,"At home, we recommended 60-minute sessions three times/week. The home-based program includes overground walking practice and exercises with similar modalities and difficulty as learnt during Phase 1.",100.0
1569,PRECIS-2,The primary outcome measure was the 6-minute walking test (6MWT) for walking endurance.,fulltext,The primary outcome measure was the 6-minute walking test (6MWT) for walking endurance.,100.0
1569,PRECIS-2,Patients have been recruited at Ferrara University Hospital from patients who attend the Rehabilitation Outpatient Clinic for gait rehabilitation.,fulltext,Patients have been recruited at Ferrara University Hospital from patients who attend the Rehabilitation Outpatient Clinic for gait rehabilitation.,100.0
1569,PRECIS-2,A mean adherence of 6.2 out of 10 was reported for the home-based TOCT program.,fulltext,A mean adherence of 6.2 out of 10 was reported for the home-based TOCT program.,100.0
1569,PRECIS-2,"Phase 1 was composed of six gait-based workstations and treadmill training, whereas Phase 2 was based on progressive task-oriented tasks practice at home with monthly visits to adjust activities levels.",fulltext,"Phase 1 was composed of six gait-based workstations and treadmill training, whereas Phase 2 was based on progressive task-oriented tasks practice at home with monthly visits to adjust activities levels.",100.0
1569,PRECIS-2,"An intention-to-treat analysis was carried out on all outcome measures, handling missing data (n = 2 at T1, n = 7 at T2) with the last observation carried forward approach.",fulltext,"An intention-to-treat analysis was carried out on all outcome measures, handling missing data (n = 2 at T1, n = 7 at T2) with the last observation carried forward approach.",100.0
1569,PRECIS-2,"The inclusion criteria were: males and females; age 18 to 70; diagnosis of MS (primary or secondary progressive, relapsing-remitting), without relapses in the preceding three months and an Expanded Disability Status Scale (EDSS) score between 4 and 5.5.",fulltext,"The inclusion criteria were: males and females; age 18 to 70; diagnosis of MS (primary or secondary progressive, relapsing-remitting), without relapses in the preceding three months and an Expanded Disability Status Scale (EDSS) score between 4 and 5.5.",100.0
1771,PRECIS-2,"At baseline (T0), after 24 (T24) and after 48 (T48) weeks, participants performed the BRB-N, the Major Depression Inventory (MDI), and a cardiorespiratory fitness test (VO2-max test).",fulltext,"At baseline (T0), after 24 (T24) and after 48 (T48) weeks, participants performed the BRB-N, the Major Depression Inventory (MDI), and a cardiorespiratory fitness test (VO 2 -max test).",100.0
1771,PRECIS-2,"The PAE group underwent supervised high-intensity PAE for 24 weeks, while the waitlist group continued their habitual lifestyle (including ongoing physiotherapy treatment) without commencing PAE.",fulltext,"The PAE group underwent supervised highintensity PAE for 24 weeks, while the waitlist group continued their habitual lifestyle (including ongoing physiotherapy treatment) without commencing PAE.",99.48717948717949
1771,PRECIS-2,"This randomized controlled trial included an exercise (n = 43, 24 weeks of supervised PAE, followed by self-guided physical activity) and a waitlist group (n = 43, 24 weeks of habitual lifestyle, followed by supervised PAE).",fulltext,"This randomized controlled trial included an exercise (n = 43, 24 weeks of supervised PAE, followed by self-guided physical activity) and a waitlist group (n = 43, 24 weeks of habitual lifestyle, followed by supervised PAE).",100.0
1771,PRECIS-2,"Eighty-six participants were recruited from Danish MS clinics (Aarhus University Hospital, Viborg Regional Hospital, Odense University Hospital, and the MS Clinic of Southern Jutland (Kolding)).",fulltext,"Eighty-six participants were recruited from Danish MS clinics (Aarhus University Hospital, Viborg Regional Hospital, Odense University Hospital, and the MS Clinic of Southern Jutland (Kolding)).",100.0
1771,PRECIS-2,"To investigate the effects of PAE on the cognitive domains of information processing, learning and memory, and verbal fluency in pwMS.",fulltext,"To investigate the effects of PAE on the cognitive domains of information processing, learning and memory, and verbal fluency in pwMS.",100.0
1771,PRECIS-2,"Exercise adherence was high with 44.8 ± 2.6 completed sessions, corresponding to 93.3 ± 5.4% of the planned sessions.",fulltext,"Exercise adherence was high with 44.8 ± 2.6 completed sessions, corresponding to 93.3 ± 5.4% of the planned sessions.",100.0
1771,PRECIS-2,All longitudi- nal data for the total group and the cognitively impaired subgroup were analyzed using an intention-to-treat lin- ear mixed effects model with time and group as the fac- tors of interest.,fulltext,All longitudi- nal data for the total group and the cognitively impaired subgroup were analyzed using an intention-to-treat lin- ear mixed effects model with time and group as the fac- tors of interest.,100.0
650,PRECIS-2,Outcomes were measured at baseline and at 4-month and 12-month follow-ups.,fulltext,Outcomes were measured at baseline and at 4-month and 12-month follow-ups.,100.0
650,PRECIS-2,Patients with type 2 diabetes (n=264) selected by a self-administered questionnaire aimed at measuring emotional distress and diabetes-related reduced daily functioning.,fulltext,Patients with type 2 diabetes (n=264) selected by a self-administered questionnaire aimed at measuring emotional distress and diabetes-related reduced daily functioning.,100.0
650,PRECIS-2,Analyses were performed on an intention-to-treat basis.,fulltext,Analyses were performed on an intention-to-treat basis.,100.0
650,PRECIS-2,A trial with no special measures to enforce engagement or compliance would score at or close to 5 on PRECIS-2.,prompt,A trial with no special measures to enforce engagement or compliance would score at or close to 5 on PRECIS-2.,100.0
650,PRECIS-2,Practice nurses in the intervention arm (n=19) were trained to integrate SMS into their routine consultations.,fulltext,Practice nurses in the intervention arm (n=19) were trained to integrate SMS into their routine consultations.,100.0
650,PRECIS-2,The primary outcome measure was a dichotomised score on a Visual Analogue Scale that measured the perceived effect of diabetes on daily functioning.,fulltext,The primary outcome measure was a dichotomised score on a Visual Analogue Scale that measured the perceived effect of diabetes on daily functioning.,100.0
650,PRECIS-2,A regional care group in the Netherlands consisting of 77 family practices.,fulltext,A regional care group in the Netherlands consisting of 77 family practices.,100.0
650,PRECIS-2,Patients with score DFT >4 and DS >3 were eligible for trial participation.,fulltext,Patients with score DFT >4 and DS >3 were eligible for trial participation.,100.0
650,PRECIS-2,Patients were asked to return the completed questionnaire to the research centre and to give informed consent to be approached if they were found to be eligible for research follow-up measurements.,fulltext,Patients were asked to return the completed questionnaire to the research centre and to give informed consent to be approached if they were found to be eligible for research follow-up measurements.,100.0
662,PRECIS-2,We recruited potential participants through adverts on the MS Society website and from National Health Service (NHS) MS centres across the UK.,fulltext,We recruited potential participants through adverts on the MS Society website and from National Health Service (NHS) MS centres across the UK.,100.0
662,PRECIS-2,Distress scores were lower in the intervention group compared with the control group at post-intervention and follow-up.,fulltext,Distress scores were lower in the intervention group compared with the control group at postintervention and follow-up ,99.16666666666667
662,PRECIS-2,Participants were sent a headset and webcam together with instructions of how to set up Skype.,fulltext,Participants were sent a headset and webcam together with instructions of how to set up Skype.,100.0
662,PRECIS-2,"Exclusion criteria were severe cognitive impairment, as determined by a score of 20 or smaller on the Telephone Interview for Cognitive Status-Modified (TICS-M), and high suicide risk, as assessed by a score of 20 or greater on the Clinical Outcome of Routine Evaluation (CORE-10).",fulltext,"Exclusion criteria were severe cognitive impairment, as determined by a score of 20 or smaller on the Telephone Interview for Cognitive Status-Modified (TICS-M) 19 and high suicide risk, as assessed by a score of 20 or greater on the Clinical Outcome of Routine Evaluation (CORE-10).",100.0
662,PRECIS-2,"Participants were encouraged to keep a diary of home practice, but, in fact, very few did record it.",fulltext,"Participants were encouraged to keep a diary of home practice, but, in fact, very few did record it.",100.0
662,PRECIS-2,Eighteen of the 19 participants completed the mindfulness intervention.,fulltext,Eighteen of the 19 participants completed the mindfulness intervention.,100.0
662,PRECIS-2,All the participants attended four or more of the eight mindfulness sessions and 14 (73.7%) attended six or more sessions.,fulltext,All the participants attended four or more of the eight mindfulness sessions and 14 (73.7%) attended six or more sessions.,100.0
662,PRECIS-2,"Participants completed online questionnaires at baseline (prior to randomisation), post-intervention and three-month follow-up.",fulltext,"Participants completed online questionnaires at baseline (prior to randomisation), post-intervention and three-month follow-up.",100.0
662,PRECIS-2,Treatment effects on the primary and secondary outcomes were estimated using linear mixed modelling.,fulltext,Treatment effects on the primary and secondary outcomes were estimated using linear mixed modelling.,100.0
662,PRECIS-2,"Inclusion criteria were diagnosis of PPMS or SPMS, Internet access and some level of distress determined by a score of 3 or greater on the General Health Questionnaire (GHQ-12).",fulltext,"Inclusion criteria were diagnosis of PPMS or SPMS, Internet access and some level of distress determined by a score of 3 or greater on the General Health Questionnaire (GHQ-12).",100.0
662,PRECIS-2,We delivered the programme in eight hour-long sessions over an eight-week period via Skype video conferences.,fulltext,We delivered the programme in eight hour-long sessions over an eight-week period via Skype video conferences.,100.0
662,PRECIS-2,Outcome analysis was conducted using Stata 12.1.,fulltext,Outcome analysis was conducted using Stata 12.1.,100.0
662,PRECIS-2,"Each session started with a 10-minute mindfulness practice, followed by discussion of this practice and the homework practice of the previous week.",fulltext,"Each session started with a 10-minute mindfulness practice, followed by discussion of this practice and the homework practice of the previous week.",100.0
662,PRECIS-2,"The primary outcome was distress, as measured by GHQ.",fulltext," distress, as measured by GHQ,",56.60377358490566
662,PRECIS-2,"AB, a health psychologist, facilitated the courses. AB was supervised by PC, a clinical psychologist and expert mindfulness practitioner.",fulltext,"AB, a health psychologist, facilitated the courses. AB was supervised by PC, a clinical psychologist and expert mindfulness practitioner.",100.0
662,PRECIS-2,We recruited 40 participants across the UK.,fulltext,We recruited 40 participants across the UK.,100.0
662,PRECIS-2,The treatment phase took place between February 2013 and July 2013.,fulltext,The treatment phase took place between February 2013 and July 2013.,100.0
662,PRECIS-2,"If participants had failed to complete the questionnaires a week later, SW phoned them to ensure that they had received the email and that they were not encountering any technical difficulties.",fulltext,"If participants had failed to complete the questionnaires a week later, SW phoned them to ensure that they had received the email and that they were not encountering any technical difficulties.",100.0
666,PRECIS-2,"Patient-reported endpoints used self-reported questionnaires, whereas safety endpoints were assessed by the physicians.",fulltext,"Patient-reported endpoints used self-reported questionnaires, whereas safety endpoints were assessed by the physicians.",100.0
666,PRECIS-2,"The CONFIDENCE study was a multinational, multicenter, randomized, parallel-group, phase 4, open-label study conducted at 88 study centers in 14 countries.",fulltext,"The CONFIDENCE study was a multinational, multicenter, randomized, parallel-group, phase 4, open-label study conducted at 88 study centers in 14 countries ",100.0
666,PRECIS-2,The primary endpoint was patient-reported medication satisfaction using the Medication Satisfaction Questionnaire (MSQ).,fulltext,The primary endpoint was patient-reported medication satisfaction using the Medication Satisfaction Questionnaire (MSQ).,100.0
666,PRECIS-2,"Five scheduled visits at study sites occurred at screening (within 2 weeks prior to baseline), baseline (Month 0), and Months 1, 3, and 6 (end of the core phase).",fulltext,"Five scheduled visits at study sites occurred at screening (within 2 weeks prior to baseline), baseline (Month 0), and Months 1, 3, and 6 (end of the core phase).",100.0
666,PRECIS-2,"Key inclusion criteria permitted the participation of men or women ≥18 years of age with confirmed and documented RRMS diagnosis (as defined by the Revised McDonald criteria), Kurtzke Expanded Disability Status Scale (EDSS) score of 0 to 5.5 at the screening visit, and, 30 days prior to randomization, a stable neurological condition, relapse-free status, and no use of any corticosteroid or adrenocorticotropic hormone treatment.",fulltext,"Key inclusion criteria permitted the participation of men or women ≥18 years of age with confirmed and documented RRMS diagnosis (as defined by the Revised McDonald criteria) (Polman et al., 2011), Kurtzke Expanded Disability Status Scale (EDSS) score of 0 to 5.5 at the screening visit, and, 30 days prior to randomization, a stable neurological condition, relapse-free status, and no use of any corticosteroid or adrenocorticotropic hormone treatment.",100.0
666,PRECIS-2,"Adherence to treatment when the dosing schedule differs is complicated, because missing one dose has potentially differential impacts on treatment.",fulltext,"Adherence to treatment when the dosing schedule differs is complicated, because missing one dose has potentially differential impacts on treatment.",100.0
666,PRECIS-2,Eligible patients were randomly assigned 1:1 to receive subcutaneous injections of GA40 (n = 431) or GA20 (n = 430).,fulltext,Eligible patients were randomly assigned 1:1 to receive subcutaneous injections of GA40 (n = 431) or GA20 (n = 430).,100.0
671,PRECIS-2,"The SUMS study was an individually randomised, controlled, pragmatic, multi centre, superiority trial with masked outcome assessments in people with progressive multiple sclerosis.",fulltext,"The SUMS study was an individually randomised, controlled, pragmatic, multi centre, superiority trial with masked outcome assessments in people with progressive mul tiple sclerosis.",100.0
671,PRECIS-2,"The intervention consisted of two home-based physiotherapy sessions (60 min each) to set up the standing frame programme, supported by six follow-up telephone calls (15 min per call).",fulltext,"The intervention consisted of two home-based physiotherapy sessions (60 min each) to set up the standing frame programme, supported by six follow-up telephone calls (15 min per call).",100.0
671,PRECIS-2,"Participants were asked to stand for 30 min, three times per week over 20 weeks, and encouraged to continue in the longer term, although no further physiotherapy support was provided.",fulltext,"Participants were asked to stand for 30 min, three times per week over 20 weeks, and encouraged to continue in the longer term, although no further physiotherapy support was provided.",100.0
671,PRECIS-2,The primary clinical outcome was motor function measured by the Amended Motor Club Assessment (AMCA) score at week 36.,fulltext,The primary clinical outcome was motor function measured by the Amended Motor Club Assessment (AMCA) score at week 36.,100.0
671,PRECIS-2,"The study had assessor-blinded outcome assessments with use of clinician-rated and patient-rated measures at baseline, 20 weeks, and 36 weeks.",fulltext,"The study had assessor-blinded outcome assessments with use of clinician-rated and patient-rated measures at baseline, 20 weeks, and 36 weeks.",100.0
671,PRECIS-2,"Participants were recruited through eight health care organisations, including the UK National Health Service (NHS) Trusts, social enterprises, and third sector multiple sclerosis therapy centres, in two regions (Devon–Cornwall and East Anglia) of the UK.",fulltext,"Participants were recruited through eight health care organisations, including the UK National Health Service (NHS) Trusts, social enterprises, and third sector multiple sclerosis therapy centres, in two regions (Devon–Cornwall and East Anglia) of the UK.",100.0
671,PRECIS-2,"After baseline assessment, participants were randomised (1:1) by computer-generated assignment to either a standing frame programme plus usual care or usual care alone.",fulltext,"After baseline assessment, participants were randomised (1:1) by computer-generated assignment to either a standing frame programme plus usual care or usual care alone.",100.0
671,PRECIS-2,"The primary analysis of the primary outcome, AMCA score at 36 weeks, followed a modified intention to treat approach, regardless of compliance to the intervention.",fulltext,"The primary analysis of the primary outcome, AMCA score at 36 weeks, followed a modified intention to treat approach, regardless of compliance to the inter vention,",100.0
671,PRECIS-2,"Two thirds of the participants in the standing frame group continued to stand regularly in the frame during the 36 week period, which, in light of the literature, we consider to be a high proportion.",fulltext,"Two thirds of the participants in the standing frame group continued to stand regularly in the frame during the 36 week period, which, in light of the literature, we consider to be a high proportion.",100.0
677,PRECIS-2,"Patients were recruited from Unità Organica di Riabilitazione Intensiva Neuromotoria (UOrIN, Italy), Foundation Institute Guttmann (FPING, Spain) and from National Multiple Sclerosis Centre (NMSc, Belgium).",fulltext,"Patients were recruited from Unità Organica di Riabilitazione Intensiva Neuromotoria (UOrIN, Italy), Foundation Institute Guttmann (FPING, Spain) and from National Multiple Sclerosis Centre (NMSc, Belgium).",100.0
677,PRECIS-2,"The primary outcome measures at T0 (baseline), T1, T2 and T3 are reported in Table 2 for all three diagnoses groups and presented separately for the control and the intervention group.",fulltext,"the primary outcome measures at t0 (baseline), t1, t2 and t3 are reported in Table 2 for all three diagnoses groups and presented separately for the control and intervention group.",97.82608695652173
677,PRECIS-2,"The intervention group underwent one month of usual care, followed by approximately 4 training sessions with the H-CAD system in the hospital.",fulltext,"The intervention group underwent one month of usual care, followed by approximately 4 training sessions with the H-CAD system in the hospital.",100.0
677,PRECIS-2,"The actual intervention with the H-CAD system at home consisted of one month, whereby the patients had an average of one training session a day lasting 30 minutes for at least 5 days a week.",fulltext,"the actual intervention with the H-caD system at home consisted of one month, whereby the patients had an average of one training session a day lasting 30 minutes for at least 5 days a week.",100.0
677,PRECIS-2,"The subjects were eligible for recruiting if they met the following criteria: (1) age > 18 years; (2) established diagnosis of the specific pathological condition MS, stroke or TBI; (3) nine hole peg test (NHPG) performed in more than 25 seconds; (4) ability to move at least one peg in 180 seconds during the NHPG; (5) sufficient autonomous functioning; (6) internet connection or telephone line and reachable internet provider; (7) clinical status stable; (8) discharged from hospital or rehabilitation setting – person lives at home.",fulltext,"the subjects were eligible for recruiting if they met the following criteria: (1) age > 18 years; (2) established diagnosis of the specific pathological condition MS, stroke or tBI; (3) nine hole peg test (NHPG) performed in more than 25 seconds; (4) ability to move at least one peg in 180 seconds during the NHPG; (5) sufficient autonomous functioning; (6) internet connection or telephone line and reachable internet provider; (7) clinical status stable; (8) discharged from hospital or rehabilitation setting – person lives at home.",100.0
677,PRECIS-2,"The main research question in this validation trial was: is the use of the H-CAD system for one month at least as good as usual care for the arm/hand function in stroke, TBI and MS patients?",fulltext,"lItAtIon clInIcAl trIAl was: is the use of the H-caD system for one month at least as good as usual care for the arm/hand function in stroke, tBI and MS patients?",82.63157894736842
677,PRECIS-2,"The exercise compliance during treatment varied; the average days exercising with the system was 24 days (SD = 9, range 7-39 days).",fulltext,"The exercise compliance during treatment varied; the average days exercising with the system was 24 days (SD = 9, range 7-39 days).",100.0
677,PRECIS-2,All measurements were performed at the centre where the patient had been treated.,fulltext,All measurements were performed at the centre where the patient had been treated.,100.0
677,PRECIS-2,"Exclusions were: a) disturbed upper limb function not related to MS, TBI or stroke; B) serious cognitive and/or behavioral problems; c) serious emotional problems; D) major visual problems; (e) communication problems; F) medical complications; G) other problems possibly contra-indicating autonomous exercise at home.",fulltext,"exclusions were: a) disturbed upper limb function not related to MS, tBI or stroke; B) serious cognitive and/or behavioral problems; c) serious emotional problems; D) major visual problems; (e) communication problems; F) medical complications; G) other problems possibly contra-indicating autonomous exercise at home.",100.0
677,PRECIS-2,The third measurement (T2) was performed after the month of H-CAD intervention for the intervention group and 2 months after baseline for the control group. A month after T2 a follow up measurement was performed (T3) for the intervention group.,fulltext,the third measurement (t2) was performed after the month of H-caD intervention for the intervention group and 2 months after baseline for the control group. a month after t2 a follow up measurement was performed (t3) for the intervention group.,100.0
681,PRECIS-2,"This study was undertaken in two community leisure setting, this is one of the first studies to utilise this format and, as there is a trend toward longer term rehabilitation and symptom management in the community in the UK, the results of this study are timely.",fulltext,"t study was undertaken in two community leisure setting, this is one of the first studies to utilise this format and, as there is a trend toward longer term rehabilitation and symptom management in the community in the UK, 30,31 the results of this study are timely.",98.85931558935361
681,PRECIS-2,"Potential participants were excluded if they had experienced exacerbation of their multiple sclerosis symptoms three months prior to the study, or had any medical condition which may preclude them from taking part in the exercise intervention.",fulltext,"Potential participants were excluded if they had experienced exacerbation of their multiple sclerosis symptoms three months prior to the study, or had any medical condition which may preclude them from taking part in the exercise intervention.",100.0
681,PRECIS-2,Participants worked at a self-regulated pace for each exercise.,fulltext,Participants worked at a self-regulated pace for each exercise.,100.0
681,PRECIS-2,Participants were provided with exercise progress cards and were asked to record which level they performed each exercise at each session.,fulltext,Participants were provided with exercise progress cards and were asked to record which level they performed each exercise at each session.,100.0
681,PRECIS-2,Each group was led by two instructors (one physiotherapist and one fitness instructor). The same physiotherapist was present at both sites; however fitness instructors were different between sites.,fulltext,Each group was led by two instructors (one physiotherapist and one fitness instructor). The same physiotherapist was present at both sites; however fitness instructors were different between sites.,100.0
681,PRECIS-2,"All outcome measures were analysed on the basis of intention to treat, with all variables summarized and comparisons made between groups and over time.",fulltext,"All outcome measures were analysed on the basis of intention to treat, with all variables summarized and comparisons made between groups and over time.",100.0
681,PRECIS-2,"Through discussion with the instructors, participants chose which level of each exercise they deemed appropriate and also when and how each exercise should be progressed.",fulltext,"Through discussion with the instructors, participants chose which level of each exercise they deemed appropriate and also when and how each exercise should be progressed.",100.0
681,PRECIS-2,"Outcome measures were carried out within the local hospital’s rehabilitation unit. They were taken at baseline, after 8 and 12 weeks of the intervention period (i.e. either the exercise class or usual care).",fulltext,"Outcome measures were carried out within the local hospital’s rehabilitation unit. They were taken at baseline, after 8 and 12 weeks of the intervention period (i.e. either the exercise class or usual care).",100.0
681,PRECIS-2,"The primary outcome measure was 25-foot (7.6 m) walk time, secondary outcomes assessed walking endurance, balance, physical function, leg strength, body mass index, activity levels, fatigue, anxiety and depression, quality of life and goal attainment.",fulltext,"The primary outcome measure was 25-foot (7.6 m) walk time, secondary outcomes assessed walking endurance, balance, physical function, leg strength, body mass index, activity levels, fatigue, anxiety and depression, quality of life and goal attainment.",100.0
681,PRECIS-2,Forty-three potential participants expressed an interest in participating.,fulltext,Forty-three potential participants expressed an interest in participating.,100.0
681,PRECIS-2,Of the 873 patients on the clinical register for multiple sclerosis 159 patients were deemed suitable for the study. These people were sent invitation letters and participant information sheets.,fulltext,Of the 873 patients on the clinical register for multiple sclerosis 159 patients were deemed suitable for the study. These people were sent invitation letters and participant information sheets.,100.0
681,PRECIS-2,The intervention took place at two different geographical locations (Site A and Site B).,fulltext,The intervention took place at two different geographical locations (Site A and Site B).,100.0
681,PRECIS-2,"Including those who discontinued participation, the total attendance at the classes was 340 sessions out of a possible 480 (71%) with participants missing classes due to other appointments, family/work commitments, transport problems, holidays or mild ill-health (e.g. common cold).",fulltext,"Including those who discontinued participation, the total attendance at the classes was 340 sessions out of a possible 480 (71%) with participants missing classes due to other appointments, family/work commitments, transport problems, holidays or mild ill-health (e.g. common cold).",100.0
681,PRECIS-2,"Participants had a confirmed diagnosis of multiple sclerosis, an Extended Disability Status Scale score of 5 (ambulatory without aid or rest for about 200 m) to 6.5 (constant bilateral assistance required to walk about 20 m without resting), stable rehabilitation and drug therapy for 30 days before entry into the study, cognitive scores of over 24 on the Mini-Mental State Examination and access to the intervention sites using their own or public transport.",fulltext,"Participants had a confirmed diagnosis of multiple sclerosis, an Extended Disability Status Scale 33 score of 5 (ambulatory without aid or rest for 580 Clinical Rehabilitation 26(7) about 200 m) to 6.5 (constant bilateral assistance required to walk about 20 m without resting), stable rehabilitation and drug therapy for 30 days before entry into the study, cognitive scores of over 24 on the Mini-Mental State Examination 34 and access to the intervention sites using their own or public transport.",100.0
686,PRECIS-2,"For patients in the IMD group, the multidisciplinary integrated outpatient clinic was planned at our MS clinic within a maximum three-month period after inclusion.",fulltext,"re 1). For patients in the IMD group, the multidisciplinary integrated outpatient clinic was planned at our MS clinic within a maximum three-month period after inc",95.70552147239265
686,PRECIS-2,"Inclusion criteria were: having MS (MacDonald criteria); being able to complete a questionnaire; and being in need for a multidisciplinary approach, defined by the requirement, in addition to the neurology specialist, of at least two different medical (rehabilitation specialist, neuro-urology specialist, psychiatrist) or allied health professionals (physiotherapist, occupational therapist, social worker, psychologist, and neuropsychologist).",fulltext,"2012. Inclusion criteria were: having MS (MacDonald criteria); being able to complete a questionnaire; and being in need for a multidisciplinary approach, defined by the requirement, in addition to the neurology specialist, of at least two different medical (rehabilitation specialist, neurourology specialist, psychiatrist) or allied health professionals (physiotherapist, occupational therapist, social worker, psychologist, and neuropsycholo",98.42696629213484
686,PRECIS-2,"Two treatment strategies were compared: (i) an integrated multidisciplinary (IMD) approach, consisting of a half-day individually tailored comprehensive assessment in the MS clinic; and (ii) a standard care.",fulltext,"Two treatment strategies were compared: (i) an integrated multidisciplinary (IMD) approach, consisting of a half-day individually tailored comprehensive assessment in the MS clinic; and (ii) a standard care.",100.0
686,PRECIS-2,MS patients from the outpatient clinic of the Neurology Department of Pitie´-Salpeˆtrie`re Hospital were prospectively enrolled in the study between March 2010 and July 2012.,fulltext,MS patients from the outpatient clinic of the Neurology Department of Pitie´-Salpeˆtrie`re Hospital were prospectively enrolled in the study between March 2010 and July 2012.,100.0
686,PRECIS-2,"A trial with no special measures to enforce engagement or compliance would score at or close to 5 on PRECIS-2. On the other hand, a trial protocol that lays out methods to monitor and ensure patient compliance would score at or close to 1 on PRECIS-2.",prompt,"A trial with no special measures to enforce engagement or compliance would score at or close to 5 on PRECIS-2. On the other hand, a trial protocol that lays out methods to monitor and ensure patient compliance would score at or close to 1 on PRECIS-2.",100.0
686,PRECIS-2,"Primary and secondary outcomes were assessed at inclusion, and after six (M6) and 12 (M12) months.",fulltext,"Primary and secondary outcomes were assessed at inclusion, and after six (M6) and 12 (M12) months.",100.0
686,PRECIS-2,The primary outcome was the impact of the strategy on quality of life (QoL) measured using the MSIS-29 scale at inclusion and after six months.,fulltext,The primary outcome was the impact of the strategy on quality of life (QoL) measured using the MSIS-29 scale at inclusion and after six months.,100.0
686,PRECIS-2,"This is a prospective, randomized, controlled, monocentric clinical trial in MS patients.",fulltext,"This is a prospective, randomized, controlled, monocentric clinical trial in MS patients.",100.0
686,PRECIS-2,Patients who were not living independently in the community were excluded.,fulltext,Patients who were not living independently in the community were excluded.,100.0
686,PRECIS-2,"The comparisons on the variation over six and 12 months of the MSIS-29 scale and secondary criteria (HAD scale, MFIS scale, QUALIVEEN and VAS) were analyzed in intention to treat with the Mann-Whitney test.",fulltext,"al variables. The comparisons on the variation over six and 12 months of the MSIS-29 scale and secondary criteria (HAD scale, MFIS scale, QUALIVEEN and VAS) were analyzed in intention to treat with the Mann-",93.68932038834951
690,PRECIS-2,"Between January and November 2015, 50 dyads assigned to receive HPA and 26 assigned to receive UC were analyzed.",fulltext,"Between January and November 2015, 50 dyads assigned to receive HPA and 26 assigned to receive UC were analyzed.",100.0
690,PRECIS-2,"At each center, a multi-professional team delivered the 6-month intervention.",fulltext,"At each center, a multi-professional team delivered the 6-month intervention.",100.0
690,PRECIS-2,"After a comprehensive assessment of the dyad needs based on direct observation and on visit 1 information (available via the eCRF), the HPA team defined the contents of the intervention, involving the dyad and the patient caring physician (the intervention was not intended to replace existing services).",fulltext,"After a comprehensive assessment of the dyad needs based on direct observation and on visit 1 information (available via the eCRF), the HPA team defined the contents of the intervention, involving the dyad and the patient caring physician (the intervention was not intended to replace existing services).",100.0
690,PRECIS-2,"The team was not on call for dyads: in the event of emergencies, dyads contacted the patient caring physician or emergency medical services.",fulltext,"The team was not on call for dyads: in the event of emergencies, dyads contacted the patient caring physician or emergency medical services.",100.0
690,PRECIS-2,"All randomly assigned patients were included in the main intention-to-treat analysis, provided that at least one contact with the team occurred (HPA group).",fulltext,"All randomly assigned patients were included in the main intention-to-treat analysis, provided that at least one contact with the team occurred (HPA group).",100.0
690,PRECIS-2,"Participants were non-institutionalized adults (age ⩾ 18 years) with severe MS and their primary carers. Other patient inclusion criteria were primary or secondary progressive MS, Expanded Disability Status Scale (EDSS) score ⩾ 8.0, complex symptoms, and ⩾2 unmet care needs.",fulltext,"Participants were non-institutionalized adults (age ⩾ 18 years) with severe MS and their primary carers. Other patient inclusion criteria were primary or secondary progressive MS, 1,13 Expanded Disability Status Scale (EDSS) score ⩾ 8.0, 14 complex symptoms, 15 and ⩾2 unmet care needs.",100.0
690,PRECIS-2,"Primary outcome measures were Palliative care Outcome Scale-Symptoms-MS (POS-S-MS) and Schedule for the Evaluation of Individual Quality of Life-Direct Weighting (SEIQoL-DW, not assessed in severely cognitively compromised patients).",fulltext,"Primary outcome measures were Palliative care Outcome Scale-Symptoms-MS (POS-S-MS) and Schedule for the Evaluation of Individual Quality of Life-Direct Weighting (SEIQoL-DW, not assessed in severely cognitively compromised patients).",100.0
690,PRECIS-2,"A blind examiner assessed dyads at baseline, 3 months, and 6 months.",fulltext,"A blind examiner assessed dyads at baseline, 3 months, and 6 months.",100.0
690,PRECIS-2,"In this randomized, examiner-blind, controlled study, we recruited patients from three Italian centers.",fulltext,"In this randomized, examiner-blind, controlled study, we recruited patients from three Italian centers.",100.0
694,PRECIS-2,"Examinations and questionnaires were completed prior to the first hippotherapy session (baseline), after 6–7 weeks (interim assessment) and after 12 weeks (final assessment).",fulltext,"Examinations and questionnaires were completed prior to the first hippotherapy session (baseline), after 6–7 weeks (interim assessment) and after 12 weeks (final assessment).",100.0
694,PRECIS-2,"Between September 2013 and March 2014, 70 patients with stable MS (57 females, 13 males, median age: 51 years) were randomly assigned to intervention (32 patients) and control (38 patients).",fulltext,"Between September 2013 and March 2014, 70 patients with stable MS (57 females, 13 males, median age: 51 years) were randomly assigned to intervention (32 patients) and control (38 patients).",100.0
694,PRECIS-2,The primary endpoint was the change in the Berg Balance Scale (BBS) after 12 weeks.,fulltext," Primary outcome was the change in the Berg Balance Scale (BBS) after 12 weeks,",89.1566265060241
694,PRECIS-2,"Patients who had received hippotherapy within the last 12 months, a body weight over 90 kg, no balance while sitting, and acute exacerbation during the 4-week period before start of the therapy were excluded.",fulltext,"Patients who had received hippotherapy within the last 12 months, a body weight over 90 kg, no balance while sitting, and acute exacerbation during the 4-week period before start of the therapy were excluded.",100.0
694,PRECIS-2,MS patients older than 18 years who had a confirmed MS with spasticity of the lower limbs and an Expanded Disability Status Scale (EDSS) score between 4 and 6.5 were eligible for inclusion.,fulltext,MS patients older than 18 years who had a confirmed MS with spasticity of the lower limbs and an Expanded Disability Status Scale (EDSS) 9 score between 4 and 6.5 were eligible for inclusion.,100.0
694,PRECIS-2,Analyses were based on the modified intention-to-treat set (modified ITT). This set encompasses all randomized patients with valid baseline assessment.,fulltext, Analyses were based on the modified intention-totreat set (modified ITT). This set encompasses all randomized patients with valid baseline assessment,98.67549668874173
694,PRECIS-2,"Patients of the intervention group received hippotherapy (as defined by the regulations for hippotherapy of the Deutsches Kuratorium für Therapeutisches Reiten e.V. (DKThR)) once a week for 12 weeks as an add-on therapy to their standard care, which remained unchanged.",fulltext,"Patients of the intervention group received hippotherapy (as defined by the regulations for hippotherapy of the Deutsches Kuratorium für Therapeutisches Reiten e.V. (DKThR)) 8 once a week for 12 weeks as an addon therapy to their standard care, which remained unchanged.",99.62825278810409
694,PRECIS-2,"Over the study period, symptomatic drug treatment, immunotherapy, and physiotherapy were kept unchanged in both groups.",fulltext,"Over the study period, symptomatic drug treatment, immunotherapy, and physiotherapy were kept unchanged in both groups.",100.0
694,PRECIS-2,"The study was conducted at five sites in Germany, all of which have hippotherapy experience as stipulated by the rules of the German Consortium for Therapeutic Riding.",fulltext,"The study was conducted at five sites in Germany, all of which have hippotherapy experience as stipulated by the rules of the German Consortium for Therapeutic Riding.",100.0
705,PRECIS-2,"At the start of the program, more time was allocated to classroom education, but as the program progressed, more time was spent on group-based exercise.",fulltext,"At the start of the program, more time was allocated to classroom education, but as the program progressed, more time was spent on group-based exercise.",100.0
705,PRECIS-2,"For 12 wk (Hockey FIT active phase or control), there were no serious adverse events reported. Participants reporting any adverse event were numerically higher for intervention (11 (27.5%)) compared with those in the comparator group (1 (2.5%)); however, most adverse events (11/12) were musculoskeletal and only 2 (5%) were considered possibly or definitely related to the intervention.",fulltext,"For 12 wk (Hockey FIT active phase or control), there were no serious adverse events reported. Participants reporting any adverse event were numerically higher for intervention (11 (27.5%)) compared with those in the comparator group (1 (2.5%)); however, most adverse events (11/12) were musculoskeletal and only 2 (5%) were considered possibly or definitely related to the intervention.",100.0
705,PRECIS-2,We analyzed outcome data to examine the potential effectiveness of the Hockey FIT program on the basis of an intent-to-treat approach.,fulltext,We analyzed outcome data to examine the potential effectiveness of the Hockey FIT program on the basis of an intent-to-treat approach.,100.0
705,PRECIS-2,The planned primary outcome for the definitive trial was the difference between groups in mean weight loss (kg) and percentage weight change from baseline to 12 wk.,fulltext,The planned primary outcome for the definitive trial was the difference between groups in mean weight loss (kg) and percentage weight change from baseline to 12 wk.,100.0
705,PRECIS-2,"Eligible participants were male 35–65 yr old with a BMI of Q28 kgIm j2 and met PA safety requirements (i.e., no risk indicated by the Physical Activity Readiness Questionnaire [36] or clearance from a health care provider).",fulltext,"Eligible participants were male 35–65 yr old with a BMI of Q28 kgIm j2 and met PA safety requirements (i.e., no risk indicated by the Physical Activity Readiness Questionnaire [36] or clearance from a health care provider).",100.0
705,PRECIS-2,"In addition to the weekly in-person sessions, participants took part in an incremental pedometer-based walking program and they both set and tracked lifestyle prescriptions for PA (steps), exercise, and healthy eating.",fulltext,"In addition to the weekly in-person sessions, participants took part in an incremental pedometer-based walking program and they both set and tracked lifestyle prescriptions for PA (steps), exercise, and healthy eating.",100.0
705,PRECIS-2,"The Hockey FIT pro- gram was delivered over 12 weekly, 90-min sessions by Hockey FIT coaches (coach to participant ratio 2:20) from the central research team.",fulltext,"The Hockey FIT pro- gram was delivered over 12 weekly, 90-min sessions by Hockey FIT coaches (coach to participant ratio 2:20) from the central research team.",100.0
705,PRECIS-2,"At 12 wk, the intervention group lost 3.6 kg (95% confidence interval, j5.26 to j1.90 kg) more than the comparator group (P G 0.001) and maintained this weight loss to 12 months.",fulltext,"At 12 wk, the intervention group lost 3.6 kg (95% confidence interval, j5.26 to j1.90 kg) more than the comparator group (P G 0.001) and maintained this weight loss to 12 months.",100.0
705,PRECIS-2,We ran an additional linear mixed-effects model within the intervention group only to obtain exploratory estimates for mean change from baseline to 12 months.,fulltext,We ran an additional linear mixed-effects model within the intervention group only to obtain exploratory estimates for mean change from baseline to 12 months.,100.0
705,PRECIS-2,"At baseline, groups were balanced on most demographic and health history characteristics, as well as study outcomes.",fulltext,"At baseline, groups were balanced on most demographic and health history characteristics, as well as study outcomes.",100.0
705,PRECIS-2,Hockey is an important part of Canadian culture; two-thirds of adult Canadians follow the game as a fan and 80% of Canadians identify hockey as a key part of what it means to be Canadian (24).,fulltext,Hockey is an important part of Canadian culture; twothirds of adult Canadians follow the game as a fan and 80% of Canadians identify hockey as a key part of what it means to be Canadian (24).,99.47916666666666
705,PRECIS-2,"When examining clinically significant weight loss of at least 5% (18), our results indicate that men participating in Hockey FIT were 10 times more likely to achieve this weight loss by 12 wk compared with the controls.",fulltext,"When examining clinically significant weight loss of at least 5% (18), our results indicate that men participating in Hockey FIT were 10 times more likely to achieve this weight loss by 12 wk compared with the controls.",100.0
705,PRECIS-2,"Program sessions com- prised the following: 1) classroom-based teaching of behavior change techniques and simple information sharing on PA and healthy eating, delivered to encourage participant interaction and mutual learning, and 2) exercise sessions where men performed aerobic, strength, and flexibility exercises, incorporating their passion for hockey off the ice.",fulltext,"Program sessions comprised the following: 1) classroom-based teaching of behavior change techniques and simple information sharing on PA and healthy eating, delivered to encourage participant interaction and mutual learning, and 2) exercise sessions where men performed aerobic, strength, and flexibility exercises, incorporating their passion for hockey off the ice.",99.45799457994579
705,PRECIS-2,"Overall, trial retention was 980% at 12 wk and 975% (intervention group only) at 12 months.",fulltext,"Overall, trial retention was 980% at 12 wk and 975% (intervention group only) at 12 months.",100.0
705,PRECIS-2,"We used a pragmatic approach for the program venue at each site, using a combination of the hockey team_s arena and an affiliated health club facility.",fulltext,"We used a pragmatic approach for the program venue at each site, using a combination of the hockey team_s arena and an affiliated health club facility.",100.0
705,PRECIS-2,"Recruitment occurred using a variety of methods (e.g., hockey team e-mail blasts and social media accounts, study Web site (http://hockeyfansintraining.org/), posters, traditional media advertisements, word of mouth, direct contact at team arena).",fulltext,"Recruitment occurred using a variety of methods (e.g., hockey team e-mail blasts and social media accounts, study Web site (http://hockeyfansintraining.org/), posters, traditional media advertisements, word of mouth, direct contact at team arena).",100.0
705,PRECIS-2,Eighty men were recruited in 4 wk; trial retention was 980% at 12 wk and 975% at 12 months.,fulltext,Eighty men were recruited in 4 wk; trial retention was 980% at 12 wk and 975% at 12 months.,100.0
705,PRECIS-2,Follow-up occurred at 12 wk (both groups) and 12 months (intervention group only to explore the sustainability of long-term change).,fulltext,Follow-up occurred at 12 wk (both groups) and 12 months (intervention group only to explore the sustainability of long-term change).,100.0
715,PRECIS-2,"The inclusion criteria were: a positive diagnosis of RA (1987 American College of Rheumatology (ACR) criteria), age 18 years or older and the ability to complete questionnaires unaided.",fulltext,"The inclusion criteria were: a positive diagnosis of RA (1987 American College of Rheumatology (ACR) criteria), 29 age 18 years or older and the ability to complete questionnaires unaided.",100.0
715,PRECIS-2,The usual RLC is similar to the above except that it usually involves an allocated 15-min time slot.,fulltext,The usual RLC is similar to the above except that it usually involves an allocated 15-min time slot.,100.0
715,PRECIS-2,Analysis followed per-protocol (PP) and intention-to-treat (ITT) approaches.,fulltext,Analysis followed per-protocol (PP) and intention-to-treat (ITT) approaches.,100.0
715,PRECIS-2,"The NLC interventions usually include allocated 30-min time slots in which the CNS takes history, performs physical examination, pain control, prescribing or recommending medication and dosage changes, intra-articular or intramuscular steroid injections, provision of patient education, psychosocial support and ordering blood tests or X-rays.",fulltext,"The NLC interventions usually include allocated 30-min time slots in which the CNS takes history, performs physical examination, pain control, prescribing or recommending medication and dosage changes, intra-articular or intramuscular steroid injections, provision of patient education, psychosocial support and ordering blood tests or X-rays.",100.0
715,PRECIS-2,"Patients were seen by their respective practitioners at baseline and at weeks 13, 26, 39 and 52.",fulltext,"Patients were seen by their respective practitioners at baseline and at weeks 13, 26, 39 and 52.",100.0
715,PRECIS-2,"Exclusions were: unstabilised concomitant disease, awaiting surgery and already receiving care from the practitioners involved in the study.",fulltext,"Exclusions were: unstabilised concomitant disease, awaiting surgery and already receiving care from the practitioners involved in the study.",100.0
715,PRECIS-2,"The primary outcome was the disease activity score (DAS28) assessed at baseline, weeks 13, 26, 39 and 52.",fulltext,"The primary outcome was the disease activity score (DAS28) assessed at baseline, weeks 13, 26, 39 and 52.",100.0
715,PRECIS-2,The study was conducted in outpatient clinics of 10 rheumatology centres across the UK.,fulltext,The study was conducted in outpatient clinics of 10 rheumatology centres across the UK.,100.0
715,PRECIS-2,The primary endpoint shows that NLC was not inferior to RLC at any follow-up time point.,fulltext,The primary endpoint shows that NLC was not inferior to RLC at any follow-up time point.,100.0
715,PRECIS-2,"After gaining patient consent, demographics and disease activity score in 28 joints (DAS28), patients were randomly assigned using a remote secure telephone randomisation service provided by Leeds University Clinical Trials Research Unit.",fulltext,"After gaining patient consent, demographics and disease activity score in 28 joints (DAS28), patients were randomly assigned using a remote secure telephone randomisation service provided by Leeds University Clinical Trials Research Unit.",100.0
715,PRECIS-2,"Ninety-two per cent (83/90) of patient under NLC attended all five clinic sessions, with a mean total consultation time of 111 min compared to 85% (77/91) of the RLC group who had a mean total consultation time of 71 min.",fulltext,"Ninety-two per cent (83/90) of patient under NLC attended all five clinic sessions, with a mean total consultation time of 111 min compared to 85% (77/91) of the RLC group who had a mean total consultation time of 71 min.",100.0
