Reference;author_year;title;DOI;Review title;A1;A2;A3;A4;A5;A6;A7;A8;A9;A10;A11;P1;P2;P3;P4;P5;P6;P7;P8;P9;P10;P11;P12;P13;P14;P15;P16;P17;P18;P19;P20;P21;P22;P23;P24;P25;P26;P27
61;Aikenhead 2011;Effectiveness and cost-effectiveness of paediatric bariatric surgery: a systematic review;10.1111/J.1758-8111.2010.00003.X;Aikenhead;0;0;1;1;0;1;0;0;NA;NA;0;1;0;1;1;0;1;1;1;1;0;1;0;NA;NA;NA;NA;1;1;0;NA;NA;NA;NA;1;1;1;1
62;Al-Hozaim 2010;Laparoscopic-assisted anorectal pull-through for anorectal malformations: a systematic review and the need for standardization of outcome reporting;10.1016/J.JPEDSURG.2009.12.001;Al-Hozaim;0;0;1;0;0;1;0;0;NA;NA;0;1;0;1;0;0;1;0;0;1;1;1;0;NA;NA;NA;NA;0;1;0;NA;NA;NA;NA;0;1;1;0
63;Allen 2015;Pediatric emergency department thoracotomy: A large case series and systematic review;10.1016/J.JPEDSURG.2014.10.042;Allen;0;0;0;0;0;1;0;0;NA;NA;0;1;0;1;1;0;1;0;1;0;0;1;0;NA;NA;NA;NA;0;1;0;NA;NA;NA;NA;1;1;1;0
64;Allin 2015;Challenges of Improving the Evidence Base in Smaller Surgical Specialties, as Highlighted by a Systematic Review of Gastroschisis Management;10.1371/JOURNAL.PONE.0116908;Allin;1;1;1;0;0;1;1;1;1;0;0;1;0;1;1;1;1;1;0;1;1;1;1;1;1;0;NA;1;1;0;1;1;0;NA;1;1;1;1
65;Alzahem 2011;Laparoscopic versus open inguinal herniotomy in infants and children: a meta-analysis;10.1007/S00383-010-2840-X;Alzahem;0;1;1;1;0;1;1;1;1;0;0;1;0;1;1;0;1;1;0;1;1;1;0;1;1;0;NA;1;1;0;1;1;0;NA;1;1;1;0
66;Apelt 2013;Laparoscopic treatment of intussusception in children: A systematic review;10.1016/J.JPEDSURG.2013.05.024;Apelt;0;0;0;0;0;1;0;0;NA;NA;0;1;0;1;1;0;1;1;0;1;0;1;0;NA;NA;NA;NA;1;1;0;NA;NA;NA;NA;1;0;0;0
67;Aworanti 2014;Management of Recurrent Tracheoesophageal Fistulas: A Systematic Review;10.1055/S-0034-1370780;Aworanti;0;0;1;0;0;1;0;0;NA;NA;0;1;0;1;0;0;1;1;0;0;0;1;0;NA;NA;NA;NA;0;1;0;NA;NA;NA;NA;0;0;1;0
68;Baker 2015;A systematic review and meta-analysis of gastrostomy insertion techniques in children;10.1016/J.JPEDSURG.2015.02.021;Baker;0;1;0;0;0;1;1;1;1;1;0;1;0;1;1;0;1;1;1;1;1;1;1;1;1;1;NA;1;1;1;1;1;1;NA;1;1;1;0
69;Berger 2012;Mitomycin C in the Therapy of Recurrent Esophageal Strictures: Hype or Hope?;10.1055/S-0032-1311695;Berger;0;0;0;0;0;1;0;0;NA;NA;0;0;0;1;0;0;1;0;0;1;0;0;0;NA;NA;NA;NA;0;1;0;NA;NA;NA;NA;0;0;1;1
158;Vanden Berg 2016;Nephron-sparing surgery for Wilms tumor: A systematic review;10.1016/J.UROLONC.2015.07.003;Berg;1;1;1;1;0;0;0;0;NA;NA;0;1;0;1;0;1;1;0;1;1;1;0;0;NA;NA;NA;NA;1;1;0;NA;NA;NA;NA;1;1;1;1
70;Billingham 2010;Pediatric Surgical Technique: Laparoscopic or Open Approach? A systematic Review and Meta-Analysis;10.1055/S-0029-1241871;Billingham;0;0;1;0;0;1;1;1;1;0;0;1;0;1;1;0;1;0;0;1;0;1;0;0;0;0;NA;0;1;0;1;1;0;NA;0;0;1;0
71;Black 2013;Bariatric surgery for obese children and adolescents: a systematic review and meta-analysis;10.1111/OBR.12037;Black;0;1;1;0;0;1;0;0;1;0;0;1;0;1;1;0;1;0;1;1;1;1;1;0;1;1;NA;1;1;0;1;1;0;NA;1;1;1;0
72;Borruto 2010;Laparoscopic vs open varicocelectomy in children and adolescents: review of the recent literature and meta-analysis;10.1016/J.JPEDSURG.2010.07.007;Borruto;0;0;0;0;0;0;0;0;0;0;0;1;0;1;1;0;1;0;0;1;0;1;0;1;0;0;NA;0;0;0;1;0;0;NA;1;0;1;0
73;Castagnetti 2010;Surgical Management of Primary Severe Hypospadias in Children: Systematic 20-Year Review;10.1016/J.JURO.2010.06.044;Castagnetti;0;0;0;0;0;0;1;1;NA;NA;0;1;0;1;0;0;0;0;1;1;0;1;0;NA;NA;NA;NA;0;0;0;NA;NA;NA;NA;1;0;1;0
74;Castagnetti 2016;Does Preputial Reconstruction Increase Complication Rate of Hypospadias Repair? 20-Year Systematic Review and Meta-Analysis;10.3389/FPED.2016.00041;Castagnetti2;0;0;0;0;0;1;1;1;1;1;1;1;0;1;1;0;1;0;0;1;0;1;1;1;1;1;NA;1;1;1;1;1;1;NA;0;1;1;0
75;Chan 2014 (Pediatr Surg Int);Ideal timing of orchiopexy: a systematic review;10.1007/S00383-013-3429-Y;Chan;0;1;1;0;0;1;1;1;NA;NA;0;1;0;1;1;0;1;0;1;1;1;1;1;NA;NA;NA;NA;1;1;0;NA;NA;NA;NA;1;1;1;0
76;Chan 2014 (J Pediatr Surg);Minimally invasive versus open repair of Bochdalek hernia: a meta-analysis;10.1016/J.JPEDSURG.2014.02.049;Chan2;0;0;1;0;0;1;1;1;1;1;0;1;0;1;1;0;1;0;0;1;0;1;1;1;1;1;NA;1;1;1;1;1;1;NA;1;1;1;0
77;Chang 2015;Comparing the efficacy and safety between robotic-assisted versus open pyeloplasty in children: a systemic review and meta-analysis;10.1007/S00345-015-1526-3;Chang;0;1;0;0;0;1;0;0;1;1;0;1;0;1;1;0;1;0;0;1;1;1;1;1;1;0;NA;1;1;0;1;1;1;NA;0;0;1;1
78;Chen 2013;Transanal endorectal pull-through versus transabdominal approach for Hirschsprung's disease: A systematic review and meta-analysis;10.1016/J.JPEDSURG.2012.12.036;Chen;0;0;1;0;0;1;0;0;1;0;0;1;0;1;1;0;1;0;0;1;1;1;0;1;1;0;NA;1;1;0;1;1;0;NA;1;1;1;0
79;Corbett 2015;Outcomes of endopyelotomy for pelviureteric junction obstruction in the paediatric population: A systematic review;10.1016/J.JPUROL.2015.08.014;Corbett;0;1;0;0;0;1;0;0;NA;NA;0;1;1;1;1;0;1;1;0;1;1;0;0;NA;NA;NA;NA;1;1;0;NA;NA;NA;NA;0;1;1;1
80;Cullis 2016;Is Screening of Intestinal Foregut Anatomy in Heterotaxy Patients Really Necessary?;10.1097/sla.0000000000001563;Cullis;1;1;1;1;0;1;1;1;NA;NA;0;1;0;1;1;0;1;1;1;1;1;1;1;NA;NA;NA;NA;1;1;1;NA;NA;NA;NA;1;1;1;1
82;Cundy 2014 (J Pediatr Surg);Meta analysis of robot-assisted versus conventional laparoscopic fundoplication in children;10.1016/J.JPEDSURG.2013.12.014;Cundy;1;1;1;1;0;1;1;1;NA;NA;0;1;0;1;1;1;1;0;1;1;1;1;1;1;1;1;NA;1;1;1;1;1;1;NA;1;1;1;0
83;Cundy 2014 (Eur J Pediatr Surg);Robot-Assisted Minimally Invasive Surgery for Pediatric Solid Tumors: A Systematic Review of Feasibility and Current Status;10.1055/S-0033-1347297;Cundy EJPS;1;0;1;1;0;1;0;1;NA;0;0;1;0;1;1;1;1;0;1;1;0;1;0;NA;NA;NA;NA;1;1;0;NA;NA;NA;NA;1;0;1;0
81;Cundy 2014 (BJU Int);Meta-analysis of robot-assisted vs conventional laparoscopic and open pyeloplasty in children;10.1111/bju.12683 ;Cundy 2;1;1;1;1;0;1;1;1;1;1;0;1;0;1;1;1;1;0;1;1;1;1;1;1;1;1;1;1;1;1;1;1;1;1;1;1;1;0
157;van Dalen 2015;Minimally invasive surgery versus open surgery for the treatment of solid abdominal and thoracic neoplasms in children;10.1002/14651858.CD008403.pub3;Dalen;1;1;1;1;1;NA;NA;NA;NA;NA;1;0;1;1;1;1;1;1;1;1;1;1;1;NA;NA;NA;NA;1;NA;NA;NA;NA;NA;NA;NA;1;1;1
84;Ding 2013;Single-incision versus conventional three-incision laparoscopic appendicectomy for appendicitis: A systematic review and meta-analysis;10.1016/J.JPEDSURG.2013.01.026;Ding;0;0;0;0;0;1;1;1;1;1;0;1;0;1;1;0;1;0;1;1;1;1;1;1;1;1;NA;1;1;1;1;1;1;NA;1;1;1;1
86;Dingemann 2013;Systematic Review of Level 1 Evidence for Laparoscopic Pediatric Surgery: Do Our Procedures Comply with the Requirements of Evidence-Based Medicine?;10.1055/S-0033-1333639;Dingeman1;0;0;0;0;0;1;1;1;NA;NA;0;1;0;1;1;0;0;0;0;1;0;0;0;NA;NA;NA;NA;0;1;0;NA;NA;NA;NA;1;0;1;0
85;Dingemann 2014;Thoracoscopic Procedures in Pediatric Surgery: What is the Evidence?;10.1055/S-0033-1350060;Dingeman2;0;0;0;0;0;1;1;1;NA;NA;0;1;0;1;1;0;0;1;0;1;0;0;0;NA;NA;NA;NA;0;1;0;NA;NA;NA;NA;1;0;1;0
87;Ells 2015;Surgery for the treatment of obesity in children and adolescents;10.1002/14651858.CD011740;Ells;1;1;1;1;1;1;1;1;NA;NA;0;0;1;1;1;1;1;1;1;1;1;1;1;NA;NA;NA;NA;1;1;1;NA;NA;NA;NA;1;1;1;0
88;Elyas 2010;Is Staging Beneficial for Fowler-Stephens Orchiopexy? A Systematic Review;10.1016/J.JURO.2010.01.035;Elyas;0;1;1;1;0;1;1;1;1;1;0;1;0;1;1;0;1;0;1;1;1;1;1;1;1;1;NA;1;1;1;1;1;1;NA;1;1;1;0
89;Esposito 2014;Laparoscopic Versus Open Inguinal Hernia Repair in Pediatric Patients: A Systematic Review;10.1089/lap.2014.0194;Esposito;0;0;0;0;0;1;0;0;NA;NA;0;1;0;1;1;0;1;0;0;1;1;1;0;NA;NA;NA;NA;0;1;0;NA;NA;NA;NA;0;0;1;0
91;Feng 2015;Open Versus Laparoscopic Inguinal Herniotomy in Children;10.1097/SLE.0000000000000161;Feng 1;0;0;0;0;0;1;1;1;1;0;0;1;0;1;1;0;1;0;0;1;1;1;0;1;1;0;NA;1;1;0;1;1;0;NA;1;0;1;0
90;Feng 2016;Laparoscopic versus open splenectomy in children: a systematic review and meta-analysis;10.1007/S00383-015-3845-2;Feng2;0;1;0;0;0;1;0;0;1;0;0;1;0;1;1;0;1;0;0;1;1;1;0;1;1;0;NA;1;1;0;1;1;0;NA;1;1;1;0
93;Friedmacher 2012;Delayed primary anastomosis for management of long-gap esophageal atresia: a meta-analysis of complications and long-term outcome;10.1007/S00383-012-3142-2;Friedmacher1;0;0;0;0;0;1;0;0;1;0;0;1;0;1;1;0;1;1;0;1;0;1;0;1;1;0;NA;1;1;0;1;0;0;NA;0;0;1;0
92;Friedmacher 2011;Residual aganglionosis after pull-through operation for Hirschsprung’s disease: a systematic review and meta-analysis;10.1007/S00383-011-2958-5;Friedmacher2;0;0;1;0;0;1;0;0;0;0;0;1;0;1;1;0;1;0;0;1;0;1;0;0;0;0;NA;0;1;0;0;0;0;NA;0;0;1;0
94;Frongia 2013;Comparison of LILT and STEP procedures in children with short bowel syndrome — A systematic review of the literature;10.1016/J.JPEDSURG.2013.05.018;Frongia;0;0;0;0;0;1;0;0;NA;NA;0;1;0;1;1;0;1;0;0;1;1;1;0;NA;NA;NA;NA;1;1;0;NA;NA;NA;NA;1;1;1;0
95;Gallo 2012;Long-Gap Esophageal Atresia: a Meta-Analysis of Jejunal Interposition, Colon Interposition, and Gastric Pull-Up;10.1055/S-0032-1331459;Gallo;0;0;1;0;0;1;0;0;1;0;0;1;0;1;1;0;1;0;0;1;0;1;0;1;0;0;NA;1;1;0;1;1;0;NA;1;0;1;0
96;Gosemann 2013;Open Versus Transanal Pull-Through for Hirschsprung Disease: A Systematic Review of Long-Term Outcome;10.1055/s-0033-1343085 ;Gosemann;0;0;0;0;0;1;0;0;NA;NA;0;1;0;1;1;0;1;0;0;1;0;1;0;NA;NA;NA;NA;1;1;0;NA;NA;NA;NA;1;0;1;0
97;Graziano 2015;Asymptomatic malrotation: Diagnosis and surgical management;10.1016/J.JPEDSURG.2015.06.019;Graziano;0;0;1;0;0;0;1;1;NA;NA;0;1;0;1;1;0;0;0;1;1;0;0;0;NA;NA;NA;NA;0;0;0;NA;NA;NA;NA;1;0;1;0
98;Guo 2011;Laparoscopic versus open orchiopexy for non-palpable undescended testes in children: a systemic review and meta-analysis;10.1007/S00383-011-2889-1;Guo;0;1;0;0;0;1;1;1;1;1;0;1;0;1;1;0;1;1;0;1;1;0;1;1;1;1;NA;1;1;1;1;1;1;NA;1;0;1;1
99;Hall 2011;Is interval appendicectomy justified after successful nonoperative treatment of an appendix mass in children? A systematic review;10.1016/J.JPEDSURG.2011.01.019;Hall;0;0;0;0;0;1;0;0;NA;NA;0;1;0;1;1;0;0;0;0;1;0;1;0;NA;NA;NA;NA;0;0;0;NA;NA;NA;NA;1;0;1;0
100;Healy 2015;Systematic Review and Meta-Analysis on the Influence of Surgeon Specialization on Outcomes Following Appendicectomy in Children;10.1097/MD.0000000000001352;Healy;0;1;1;0;0;1;1;1;1;1;0;1;0;1;1;0;1;1;1;1;1;1;1;1;1;1;NA;1;1;1;1;1;1;NA;1;1;1;0
101;Healy 2016;Pediatric incidental appendectomy: a systematic review;10.1007/s00383-015-3839-0;Healy2;0;0;0;0;0;1;0;0;NA;NA;0;1;0;1;1;0;1;0;0;1;0;0;0;NA;NA;NA;NA;1;1;0;NA;NA;NA;NA;1;0;1;0
102;Heloury 2012;Minimally invasive adrenalectomy in children;10.1016/J.JPEDSURG.2011.08.003;Heloury;0;0;0;0;0;0;0;0;NA;NA;0;0;0;1;1;0;0;0;0;0;0;0;0;NA;NA;NA;NA;0;0;0;NA;NA;NA;NA;0;0;1;0
103;Huang 2015;An updated meta-analysis of laparoscopic versus open pyeloplasty for ureteropelvic junction obstruction in children.;pmid:26131065;Huang;0;0;0;0;0;1;0;0;1;1;0;1;0;1;0;0;1;1;1;1;1;1;1;1;1;1;0;1;1;1;1;1;1;1;1;1;1;0
105;Ishii 2015;Ureteroscopy for stone disease in the paediatric population: a systematic review;10.1111/BJU.12927;Ishii1;0;0;0;0;0;1;0;0;NA;NA;0;1;0;1;1;0;1;1;1;1;1;1;0;NA;NA;NA;NA;1;1;0;NA;NA;NA;NA;1;1;1;0
104;Ishii 2014;Flexible ureteroscopy and lasertripsy (FURSL) for paediatric renal calculi: Results from a systematic review;10.1016/J.JPUROL.2014.08.003;Ishii2;0;0;0;0;0;1;0;0;NA;NA;0;1;0;1;1;0;1;1;0;1;0;1;0;NA;NA;NA;NA;1;1;0;NA;NA;NA;NA;1;1;1;1
106;Ito 2014;Does frenotomy improve breast-feeding difficulties in infants with ankyloglossia?;10.1111/PED.12429;Ito;0;0;0;0;0;1;1;1;1;1;0;1;0;1;1;0;1;0;1;1;0;1;0;1;1;0;NA;1;1;0;1;1;0;NA;1;0;1;1
107;Jia 2011;Open versus Laparoscopic Pyloromyotomy for Pyloric Stenosis: A Meta-analysis of Randomized Controlled Trials;10.1055/S-0030-1261926;Jia;0;0;1;1;0;1;1;1;1;0;0;1;0;1;1;0;0;0;0;1;1;1;1;1;1;0;NA;1;1;1;1;1;0;NA;1;1;1;1
108;Kapralik 2016;Surgical versus conservative management of congenital pulmonary airway malformation in children: A systematic review and meta-analysis;10.1016/J.JPEDSURG.2015.11.022;Kapralik;0;0;1;0;0;1;1;1;1;1;0;1;0;1;1;0;1;1;1;1;1;1;1;1;1;1;NA;1;1;1;1;1;1;NA;1;1;1;0
109;Kunz 2013;Primary fascial closure versus staged closure with silo in patients with gastroschisis: A meta-analysis;10.1016/J.JPEDSURG.2013.01.020;Kunz;0;1;0;0;0;1;1;0;1;1;0;1;0;1;1;0;1;0;0;1;1;1;0;1;1;0;1;1;1;1;1;1;0;1;1;1;1;1
110;Landisch 2015;Observation versus prophylactic Ladd procedure for asymptomatic intestinal rotational abnormalities in heterotaxy syndrome: A systematic review;10.1016/J.JPEDSURG.2015.08.002;Landisch;0;1;0;0;0;1;0;0;NA;NA;0;1;0;1;1;0;1;1;0;1;1;1;0;NA;NA;NA;NA;1;1;0;NA;NA;NA;NA;1;1;1;0
111;Lane 2010;Paediatric sutureless circumcision: a systematic literature review;10.1007/S00383-009-2475-Y;Lane;0;0;0;0;0;0;0;0;NA;NA;0;1;0;0;0;0;0;0;0;0;0;0;0;NA;NA;NA;NA;0;0;0;NA;NA;NA;NA;0;0;0;0
112;Lansdale 2010;Neonatal Endosurgical Congenital Diaphragmatic Hernia Repair;10.1097/SLA.0B013E3181DCA0E8;Lansdale;0;1;1;1;0;1;0;0;1;1;0;1;0;1;1;0;1;1;1;1;1;1;1;1;1;1;NA;1;1;1;1;1;NA;NA;1;1;1;1
113;Lee 2010;Antibiotics and appendicitis in the pediatric population: an American Pediatric Surgical Association Outcomes and Clinical Trials Committee Systematic Review;10.1016/J.JPEDSURG.2010.06.038;Lee;0;0;0;0;0;0;1;1;NA;NA;0;1;0;1;1;0;0;0;0;1;0;0;0;NA;NA;NA;NA;0;0;0;NA;NA;NA;NA;1;0;1;0
114;LeeVan 2016;Management of pediatric blunt renal trauma;10.1097/TA.0000000000000950;Leevan;0;0;0;0;0;1;0;0;NA;NA;0;1;0;1;1;0;1;0;0;0;0;1;0;NA;NA;NA;NA;0;1;0;NA;NA;NA;NA;0;0;1;0
115;Liang 2011;Lymphatic Sparing Versus Lymphatic Non-Sparing Laparoscopic Varicocelectomy in Children and Adolescents: A Systematic Review and Meta-Analysis;10.1055/S-0031-1271733;Liang;0;1;0;0;0;1;1;1;1;1;0;1;0;1;0;0;1;0;0;1;1;1;1;1;1;1;NA;1;1;1;1;1;1;NA;1;0;1;1
116;Lishuang 2015;Laparoscopic portoenterostomy versus open portoenterostomy for the treatment of biliary atresia: a systematic review and meta-analysis of comparative studies;10.1007/S00383-015-3662-7;Lishuang;0;1;1;0;0;1;1;1;1;1;0;1;0;1;1;0;1;0;1;1;1;1;1;1;1;0;1;1;1;1;1;1;0;1;1;1;1;0
117;Livingston 2015;Fundoplication and gastrostomy versus percutaneous gastrojejunostomy for gastroesophageal reflux in children with neurologic impairment: A systematic review and meta-analysis;10.1016/J.JPEDSURG.2015.02.020;Livingston;1;1;1;1;0;1;1;1;1;1;0;1;1;1;1;1;1;1;0;1;1;1;1;1;1;0;NA;1;1;1;1;1;0;NA;1;0;1;1
118;Mauritz 2013;Complete Versus Partial Fundoplication in Children with Gastroesophageal Reflux Disease: Results of a Systematic Review and Meta-analysis;10.1007/S11605-013-2305-3;Mauritz;0;1;0;0;0;1;1;1;1;1;0;1;0;1;1;0;1;1;1;1;1;1;1;1;1;1;NA;1;1;1;1;1;1;NA;1;1;1;0
119;Mauritz 2011;The Effects and Efficacy of Antireflux Surgery in Children with Gastroesophageal Reflux Disease: A Systematic Review;10.1007/S11605-011-1644-1;Mauritz2;0;1;0;0;0;1;1;1;NA;NA;0;1;0;1;1;0;1;1;1;1;1;1;1;NA;NA;NA;NA;1;1;1;NA;NA;NA;NA;1;0;1;0
120;Mei 2011;Laparoscopic Versus Open Pyeloplasty for Ureteropelvic Junction Obstruction in Children: A Systematic Review and Meta-Analysis;10.1089/END.2010.0544;Mei;0;1;1;0;0;1;1;0;0;1;0;1;0;1;1;0;1;1;0;1;1;1;0;1;1;1;NA;1;1;0;1;1;1;NA;1;0;1;1
121;Mullassery 2014;Does Aggressive Surgical Resection Improve Survival in Advanced Stage 3 and 4 Neuroblastoma? A Systematic Review and Meta-analysis;10.3109/08880018.2014.947009;Mullassery;1;1;1;0;1;1;0;0;1;1;0;1;0;1;1;0;1;1;1;1;1;1;1;1;1;1;NA;1;1;0;1;1;1;NA;1;1;1;0
122;Nagler 2011;Interventions for primary vesicoureteric reflux;10.1002/14651858.CD001532.pub4;Nagler;1;1;1;1;1;1;1;1;1;1;1;0;1;1;1;1;1;1;1;1;1;1;1;1;1;1;1;1;1;1;1;1;1;NA;1;1;1;1
123;Narayanan 2013;Hepaticoduodenostomy versus hepaticojejunostomy after resection of choledochal cyst: A systematic review and meta-analysis;10.1016/J.JPEDSURG.2013.07.020;Narayanan;0;1;1;0;0;1;0;0;1;0;0;1;0;1;1;0;1;1;1;1;1;1;0;1;1;0;NA;1;1;0;1;1;0;NA;1;0;1;0
125;Nasr 2013;Mechanical Traction Techniques for Long-Gap Esophageal Atresia: A Critical Appraisal;10.1055/S-0033-1347916;Nasr;0;0;1;0;0;1;1;1;1;0;0;0;0;1;1;0;1;1;0;1;1;1;0;0;1;0;NA;0;0;0;0;0;0;NA;1;1;1;0
124;Nasr 2010;Comparison of the Nuss and the Ravitch procedure for pectus excavatum repair: a meta-analysis;10.1016/J.JPEDSURG.2010.02.012;Nasr2;0;1;1;0;0;1;1;1;1;1;0;1;0;1;1;0;1;0;0;1;1;1;1;1;1;1;NA;0;1;0;1;1;0;NA;1;0;1;0
126;Nataraja 2013;The Incidence of Intraabdominal Abscess Formation Following Laparoscopic Appendicectomy in Children: A Systematic Review and Meta-analysis;10.1089/lap.2012.0522 ;Nataraja;0;1;0;0;0;1;0;0;1;1;0;1;0;1;1;0;1;1;1;1;1;1;0;1;1;1;NA;1;1;0;1;1;1;NA;1;0;1;0
127;Nicolau 2011;Is laparoscopy still needed in blunt abdominal trauma;pmid:21520776;Nicolau;0;0;0;0;0;0;1;1;NA;NA;0;1;0;1;1;0;1;0;0;1;0;1;0;NA;NA;NA;NA;0;0;0;NA;NA;NA;NA;1;0;1;0
128;Oliveira 2016;Neophalloplasty in boys with aphallia: A systematic review;10.1016/J.JPUROL.2015.10.003;Oliviera;0;0;0;0;0;1;0;0;NA;NA;0;1;0;1;1;0;0;0;0;0;0;1;0;NA;NA;NA;NA;0;1;0;NA;NA;NA;NA;0;0;1;1
129;Oomen 2012;Open Versus Laparoscopic Pyloromyotomy for Hypertrophic Pyloric Stenosis: A Systematic Review and Meta-Analysis Focusing on Major Complications;10.1007/S00464-012-2174-Y;Oomen;0;1;1;0;0;1;1;1;1;0;0;1;0;1;1;0;1;0;0;1;1;1;0;1;1;0;NA;1;1;0;1;1;0;NA;1;0;1;0
131;Parolini 2014;Cervical/thoracotomic/thoracoscopic approaches for H-type congenital tracheo-esophageal fistula: A systematic review;10.1016/J.IJPORL.2014.04.011;Parolini;0;1;0;0;0;1;1;1;NA;NA;0;1;0;1;1;0;1;0;0;1;1;1;0;NA;NA;NA;NA;1;1;0;NA;NA;NA;NA;1;1;1;1
130;Parolini 2016;The management of newborns with esophageal atresia and right aortic arch: A systematic review or still unsolved problem;10.1016/J.JPEDSURG.2015.10.043;Parolini2;0;0;0;0;0;1;0;0;NA;NA;0;1;0;1;1;0;0;0;0;1;1;1;0;NA;NA;NA;NA;1;1;0;NA;NA;NA;NA;0;1;1;1
132;Peters 2013;Morbidity and mortality in total esophagogastric dissociation: A systematic review;10.1016/J.JPEDSURG.2012.11.049;Peters;0;0;1;1;0;1;0;0;NA;NA;0;1;0;1;1;0;0;0;0;1;0;0;0;NA;NA;NA;NA;0;0;0;NA;NA;NA;NA;1;0;1;0
133;Peycelon 2014;Minimally Invasive Surgery in Childhood Cancer: A Challenging Future;10.1055/S-0034-1396419;Peycelon;0;0;0;0;0;0;0;0;NA;NA;0;0;0;1;0;0;0;0;0;0;0;0;0;NA;NA;NA;NA;0;0;0;NA;NA;NA;NA;0;0;0;0
134;Pfistermuller 2015;Meta-analysis of complication rates of the tubularized incised plate (TIP) repair;10.1016/J.JPUROL.2014.12.006;Pfitsermuller;0;0;0;0;0;0;0;0;1;0;0;1;1;1;1;0;1;0;0;1;0;1;0;0;NA;0;1;0;0;0;0;0;0;1;1;1;1;0
135;Puligandla 2015;Management of congenital diaphragmatic hernia: A systematic review from the APSA outcomes and evidence based practice committee;10.1016/J.JPEDSURG.2015.09.010;Puligandla;0;0;1;0;0;1;1;1;NA;NA;0;1;0;1;1;0;0;0;0;1;1;1;1;NA;NA;NA;NA;1;1;1;NA;NA;NA;NA;1;1;1;0
136;Reddy 2010;Ureteroscopy: The standard of care in the management of upper tract urolithiasis in children;10.4103/0970-1591.74459;Reddy;0;0;0;0;0;1;0;0;NA;NA;0;0;0;1;0;0;0;0;0;0;0;1;0;NA;NA;NA;NA;0;0;0;NA;NA;NA;NA;0;0;1;0
137;Romao 2012;What is the best prosthetic material for patch repair of congenital diaphragmatic hernia? Comparison and meta-analysis of porcine small intestinal submucosa and polytetrafluoroethylene;10.1016/J.JPEDSURG.2012.01.009;Romao;0;1;1;1;0;1;1;1;1;0;0;1;0;1;1;0;0;0;0;1;1;1;1;1;1;1;NA;0;1;0;1;1;0;NA;1;1;1;0
138;Ross 2015;The role of preformed silos in the management of infants with gastroschisis: a systematic review and meta-analysis;10.1007/S00383-015-3691-2;Ross;0;1;1;0;0;1;1;1;1;0;0;1;0;1;1;0;1;0;0;1;0;1;0;1;1;0;1;1;1;0;1;1;0;1;1;1;1;0
139;Ruttenstock 2010;Systematic review and meta-analysis of enterocolitis after one-stage transanal pull-through procedure for Hirschsprung’s disease;10.1007/S00383-010-2695-1;Ruttenstock;0;1;0;1;0;1;0;0;1;0;0;1;0;1;1;0;1;0;0;0;0;1;0;0;0;0;NA;0;0;0;0;0;0;0;0;1;1;0
140;Rynja 2011;Functional, cosmetic and psychosexual results in adult men who underwent hypospadias correction in childhood;10.1016/J.JPUROL.2011.02.008;Rynja;0;0;0;0;0;0;0;0;NA;NA;0;1;0;1;1;0;1;0;1;1;0;0;0;NA;NA;NA;NA;1;1;0;NA;NA;NA;NA;1;0;1;0
141;Saldaña 2013;Single-Incision Pediatric Endosurgery: A Systematic Review;10.1089/lap.2012.0467;Saldana;0;0;0;0;0;1;1;1;NA;NA;0;1;0;1;1;0;1;1;1;1;0;1;0;NA;NA;NA;NA;1;0;0;NA;NA;NA;NA;1;1;1;0
142;Sauerland 2010;Laparoscopic versus open surgery for suspected appendicitis;10.1002/14651858.CD001546.PUB3;Sauerland;1;1;1;1;1;1;1;1;1;1;0;1;1;1;1;1;1;1;1;1;1;1;1;1;1;1;1;1;1;1;1;1;1;1;1;0;1;0
143;Scholfield 2016;Laparoscopic Duhamel Procedure for Hirschsprung's Disease: Systematic Review and Meta-analysis;10.1089/lap.2015.0121;Scholfield;0;0;0;0;0;1;0;0;0;0;0;1;0;1;1;0;1;0;0;1;0;1;0;1;1;0;NA;0;1;0;0;0;0;NA;0;0;0;1
144;Sharp 2015;Treatment of Idiopathic Achalasia in the Pediatric Population: A Systematic Review;10.1055/S-0035-1544174;Sharp;0;0;0;0;0;1;0;0;NA;NA;0;1;0;1;1;0;1;0;1;1;0;1;1;NA;NA;NA;NA;1;1;0;NA;NA;NA;NA;1;1;1;1
146;Shawyer 2015;Laparoscopic versus open repair of recto-bladderneck and recto-prostatic anorectal malformations: a systematic review and meta-analysis;10.1007/S00383-014-3626-3;Shawyer;0;1;1;1;0;1;1;1;1;1;0;1;0;1;1;0;1;1;0;1;1;1;1;1;1;0;0;1;1;1;1;1;0;0;1;1;1;0
145;Shawyer 2014;The management of postoperative reflux in congenital esophageal atresia–tracheoesophageal fistula: a systematic review;10.1007/S00383-014-3548-0;Shawyer2;0;1;0;0;0;1;1;1;NA;NA;0;1;0;1;1;0;1;0;0;1;1;1;1;NA;NA;NA;NA;1;1;1;NA;NA;NA;NA;1;1;1;0
147;Shen 2015;Laparoscopic versus open surgery in children with choledochal cysts: a meta-analysis;10.1007/S00383-015-3705-0;Shen;0;0;0;0;0;1;1;1;1;0;0;1;0;1;1;0;1;0;0;1;1;1;0;1;1;0;0;0;1;0;1;1;0;0;1;1;1;0
148;Siddiqui 2011;A meta-analysis of outcomes after open and laparoscopic Nissen’s fundoplication for gastro-oesophageal reflux disease in children;10.1007/S00383-010-2698-Y;Siddiqui;0;1;0;0;1;1;1;1;1;0;0;1;0;1;1;0;1;0;0;1;1;1;1;1;1;0;1;1;1;1;1;1;0;1;1;1;1;0
149;Siminas 2015;Current Surgical Management of Pediatric Idiopathic Constipation;10.1097/SLA.0000000000001191;Siminas;0;0;1;0;0;1;1;1;NA;NA;0;1;1;1;1;0;1;0;1;1;0;1;1;NA;NA;NA;NA;1;1;1;NA;NA;NA;NA;1;1;1;0
150;Sklar 2014;Laparoscopic Versus Open Reduction of Intussusception in Children: A Retrospective Review and Meta-analysis;10.1089/lap.2013.0415 ;Sklar;0;0;0;0;0;1;1;1;1;0;0;1;0;1;0;0;0;0;0;1;0;1;1;1;1;0;NA;1;0;1;1;1;0;NA;1;0;1;0
151;Sola 2010;Peritoneal Drainage versus Laparotomy for Necrotizing Enterocolitis and Intestinal Perforation: A Meta-Analysis;10.1016/J.JSS.2009.05.007;Sola;0;0;1;1;1;1;1;1;1;1;0;1;0;1;1;0;1;0;0;1;1;1;1;1;1;1;0;1;1;1;1;1;1;0;1;1;1;0
152;Symeonidis 2016;Laparoendoscopic single-site surgery (LESS) for major urological procedures in the pediatric population: A systematic review;10.1016/J.IJSU.2016.03.040;Symeonidis;1;0;1;0;0;1;0;0;NA;NA;0;1;0;1;1;1;1;1;1;1;1;1;0;NA;NA;NA;NA;1;1;0;NA;NA;NA;NA;0;0;1;1
153;Tan 2016;Screening and Treatment of Intestinal Rotational Abnormalities in Heterotaxy: A Systematic Review and Meta-Analysis;10.1016/J.JPEDS.2015.12.074;Tan;1;1;1;0;1;1;1;1;NA;NA;0;1;0;1;1;1;1;1;0;1;1;1;1;NA;NA;NA;NA;1;1;1;NA;NA;NA;NA;1;0;1;0
154;Terui 2015;Surgical approaches for neonatal congenital diaphragmatic hernia: a systematic review and meta-analysis;10.1007/S00383-015-3765-1;Terui;0;0;0;0;0;1;1;1;1;0;0;1;1;1;1;0;1;1;0;1;1;1;1;1;1;0;0;1;1;0;1;1;0;0;1;0;1;0
155;Thomson 2015;Laparoscopic assistance for primary transanal pull-through in Hirschsprung's disease: a systematic review and meta-analysis;10.1136/BMJOPEN-2014-006063;Thomson;1;1;0;0;0;1;1;1;1;1;0;1;1;1;1;1;1;0;1;1;1;1;1;1;1;0;0;1;1;1;1;1;0;0;1;1;1;1
156;Thyoka 2013;Balloon dilatation of anastomotic strictures secondary to surgical repair of oesophageal atresia: a systematic review;10.1007/S00247-013-2693-2;Thyoka;0;0;0;0;0;1;0;0;NA;NA;0;1;0;1;1;0;1;0;0;1;1;1;0;NA;NA;NA;NA;1;1;0;NA;NA;NA;NA;1;1;1;0
160;Vernon-Roberts 2013;Fundoplication versus postoperative medication for gastro-oesophageal reflux in children with neurological impairment undergoing gastrostomy;10.1002/14651858.CD006151.pub3 ;Vernon;1;1;1;1;0;NA;NA;NA;NA;NA;1;0;1;1;1;1;1;1;1;1;1;1;1;1;1;1;NA;1;NA;NA;NA;NA;NA;NA;NA;1;1;1
159;van den Hondel 2014;To Split or Not to Split: Colostomy Complications for Anorectal Malformations or Hirschsprung Disease: A Single Center Experience and a Systematic Review of the Literature;10.1055/S-0033-1351663;Van den Hondel;0;1;0;0;0;1;1;1;NA;NA;0;1;0;1;1;0;1;1;1;1;1;1;0;NA;NA;NA;NA;1;1;0;NA;NA;NA;NA;0;0;1;0
161;Wang 2013;Systematic review and meta-analysis of studies comparing the perimeatal-based flap and tubularized incised-plate techniques for primary hypospadias repair;10.1007/S00383-013-3335-3;Wang;0;1;0;0;0;1;1;1;1;1;0;1;0;1;1;0;1;0;1;1;1;1;1;1;1;1;1;1;1;1;1;1;1;1;1;1;1;0
162;Wayne 2015;What is the ideal surgical approach for intra-abdominal testes? a systematic review;10.1007/S00383-015-3676-1;Wayne;1;1;1;0;0;1;1;1;NA;NA;0;1;0;1;1;0;1;0;1;1;1;1;1;NA;NA;NA;NA;1;1;1;NA;NA;NA;NA;1;1;1;0
163;Weih 2012;Current practice and future perspectives in the treatment of short bowel syndrome in children—a systematic review;10.1007/S00423-011-0874-8;Weih;0;0;0;0;0;0;0;0;NA;NA;0;1;0;1;1;0;0;0;0;1;0;0;0;NA;NA;NA;NA;0;0;0;NA;NA;NA;NA;1;0;1;0
164;Wenk 2015;Incidence of metachronous contralateral inguinal hernias in children following unilateral repair — A meta-analysis of prospective studies;10.1016/J.JPEDSURG.2015.08.056;Wenk;0;0;0;0;1;1;0;0;1;1;0;1;0;1;1;0;1;0;1;1;1;1;0;1;1;1;NA;1;1;0;1;1;1;0;1;0;1;0
165;Wilkinson 2012;Outcomes in distal hypospadias: A systematic review of the Mathieu and tubularized incised plate repairs;10.1016/J.JPUROL.2010.11.008;Wilkinson;0;0;0;0;0;1;0;0;NA;NA;0;1;0;0;1;0;1;0;1;1;0;1;0;NA;NA;NA;NA;1;1;0;NA;NA;NA;NA;1;1;1;1
166;Wright 2013;Effect of Preoperative Hormonal Stimulation on Postoperative Complication Rates After Proximal Hypospadias Repair: A Systematic Review;10.1016/J.JURO.2013.02.3234;Wright;0;1;1;1;0;1;1;1;1;1;0;1;0;1;1;0;1;0;0;1;1;1;0;1;1;1;NA;1;1;0;1;1;1;0;1;1;1;0
168;Yang 2013;Postoperative intussusceptions in children and infants: a systematic review;10.1007/S00383-013-3345-1;Yang;0;1;0;0;0;1;0;0;NA;NA;0;1;0;1;1;0;1;1;0;1;1;1;0;NA;NA;NA;NA;1;1;0;NA;NA;NA;NA;1;1;1;0
167;Yang 2011;Laparoscopic vs open herniorrhaphy in the management of pediatric inguinal hernia: a systemic review and meta-analysis;10.1016/J.JPEDSURG.2011.04.001;Yang2;0;1;1;0;0;1;1;1;1;0;0;1;0;1;1;0;1;0;0;1;0;1;0;1;1;0;NA;1;1;0;1;1;0;1;1;0;1;1
169;Youssef 2016;Flap versus fascial closure for gastroschisis: a systematic review and meta-analysis;10.1016/J.JPEDSURG.2016.02.010;Youssef;1;0;1;1;0;1;1;1;1;1;0;1;0;1;1;1;1;1;1;1;0;1;1;1;1;1;NA;1;1;1;1;1;1;NA;1;0;1;0
170;Zani 2015;Is single incision pediatric endoscopic surgery more painful than standard laparoscopy in children? Personal experience and review of the literature.;pmid:25034218;Zani;0;0;0;0;0;1;0;0;NA;NA;0;0;0;1;1;0;1;0;0;1;0;0;0;NA;NA;NA;NA;0;1;0;NA;NA;NA;NA;0;0;1;0
171;Zhao 2015;Single-incision versus conventional laparoscopic appendicectomy in children: a systematic review and meta-analysis;10.1007/S00383-015-3680-5;Zhao;0;0;1;0;0;1;0;0;1;0;0;1;0;1;1;0;1;0;0;1;1;1;0;1;1;0;0;1;1;0;1;1;0;1;0;0;1;0
172;Zhu 2016;Minimally invasive surgery for congenital diaphragmatic hernia: a meta-analysis;10.1007/S10029-015-1423-0;Zhu;0;0;1;1;0;1;0;0;1;0;0;1;0;1;1;0;1;0;0;1;0;1;0;1;1;0;NA;1;1;0;1;1;0;NA;0;0;1;0
